amfi_code,expected_nav,worst_case,best_case
119598,1415.4202558868317,459.76164620282566,3071.5864962012256
120505,2050.368888254618,897.3610745409205,3872.0345679102156
149324,1221.485049940392,429.0179436373528,2530.8471943375303
100033,1324.379551100818,650.1260419892645,2399.6899469026553
120843,630.0058273474585,327.7183359715278,1032.8558726774152
