expected_nav,worst_case_5pct,best_case_95pct
1399.2126309360815,477.19808246885043,2989.895158213425
